{
    "frames": [
        {
            "filename": "bow_0",
            "frame": {
                "x": 1,
                "y": 1,
                "w": 62,
                "h": 64
            },
            "anchor": {
                "x": 0.5,
                "y": 0.5
            }
        },
        {
            "filename": "bow_1",
            "frame": {
                "x": 65,
                "y": 1,
                "w": 62,
                "h": 64
            },
            "anchor": {
                "x": 0.5,
                "y": 0.5
            }
        },
        {
            "filename": "bow_2",
            "frame": {
                "x": 129,
                "y": 1,
                "w": 62,
                "h": 64
            },
            "anchor": {
                "x": 0.5,
                "y": 0.5
            }
        },
        {
            "filename": "bow_3",
            "frame": {
                "x": 1,
                "y": 67,
                "w": 62,
                "h": 64
            },
            "anchor": {
                "x": 0.5,
                "y": 0.5
            }
        }
    ],
    "meta": {
        "description": "Atlas generado con Atlas Packer Phaser3",
        "web": "https://gammafp.github.io/atlas-packer-phaser/"
    }
}