{
    "anims": [
        {
            "key": "disparo",
            "type": "frames",
            "repeat": -1,
            "frameRate": 7,
            "frames": [
                {
                    "key": "arco",
                    "frame": "bow_0"
                },
                {
                    "key": "arco",
                    "frame": "bow_1"
                }
            ]
        },
        {
            "key": "disparo_idle",
            "type": "frames",
            "repeat": -1,
            "frameRate": 7,
            "frames": [
                {
                    "key": "arco",
                    "frame": "bow_2"
                }
            ]
        }
    ]
}